"","Species","Turbine","Option","Mean","SD","CV","Median","IQR"
"1","Northern_Gannet","4","1","571.702169623091","0.104139802251391","0.0182157437534386","571.702169623091","0.073637960363385"
"2","Northern_Gannet","4","2","391.962534427883","0.000808625008040105","0.000206301607172836","391.962534427883","0.000571784226622185"
"3","Northern_Gannet","4","3","114.761498420839","0.000803997066101567","0.000700580836922543","114.761498420839","0.000568511777473191"
