Option1_Avoidance98,Option2_Avoidance98,Option3_Avoidance98
2.52923062,1.734015921,0.523929899
22.72635915,15.58097086,4.707763284
85.09770322,58.3421579,17.62798168
75.32470355,51.64188435,15.60350566
43.75130852,29.99547172,9.063079683
50.19748445,34.41490726,10.39840445
28.42626282,19.4887694,5.888497824
95.25095985,65.30313192,19.73122789
137.9927453,94.60648442,28.58518495
42.66453046,29.25038724,8.837953702
24.15741671,16.56209001,5.00420673
5.958986958,4.085423518,1.23440362
